TEAM_ABBREVIATION,PTS,FGM,FGA,FG_PCT,FG3M,FG3A,FG3_PCT,FTM,FTA,FT_PCT,OREB,DREB,REB,AST,TOV,STL,BLK
ATL,106.57633242999097,39.50045167118338,85.75880758807588,0.461672990063234,10.4579945799458,29.0903342366757,0.3603956639566396,17.11743450767841,22.03613369467028,0.7756233062330623,9.94308943089431,32.77416440831075,42.71725383920506,24.509485094850948,14.49683830171635,7.823848238482385,4.670280036133694
BKN,106.80082987551867,39.21784232365145,85.51970954356847,0.45968672199170124,10.800829875518673,30.116182572614107,0.356045643153527,17.564315352697097,22.91701244813278,0.7679460580912862,10.116182572614107,33.31846473029046,43.434647302904565,23.37551867219917,14.532157676348548,7.076763485477178,4.740663900414938
BOS,106.46444644464447,39.503150315031505,85.72547254725472,0.46204050405040503,10.631863186318633,29.31953195319532,0.35912961296129614,16.826282628262828,21.342934293429344,0.7895022502250224,9.922592259225922,33.486048604860486,43.40864086408641,24.19081908190819,13.828082808280827,7.738973897389739,4.895589558955896
CHA,102.81538461538462,37.89592760180995,85.35022624434389,0.44460361990950226,9.429864253393665,26.957466063348416,0.3427891402714932,17.593665158371042,23.077828054298642,0.762958371040724,10.104072398190045,32.720361990950224,42.82443438914027,22.892307692307693,13.302262443438915,6.988235294117647,5.029864253393665
CHI,103.52488687782805,38.92760180995475,85.6524886877828,0.455468778280543,8.885067873303168,24.819909502262444,0.3559764705882353,16.784615384615385,21.56289592760181,0.7779719457013574,10.780090497737557,33.45339366515837,44.23348416289593,23.32126696832579,13.963800904977376,7.341176470588235,4.838009049773755
CLE,104.3945701357466,38.63891402714932,84.65972850678733,0.45719185520361993,10.080542986425339,28.026244343891403,0.3566950226244344,17.036199095022624,22.511312217194572,0.7565004524886878,10.595475113122172,32.19638009049774,42.79185520361991,22.833484162895928,14.214479638009049,7.078733031674208,3.9592760180995477
DAL,106.32645739910313,39.11838565022421,85.0017937219731,0.46090403587443945,11.228699551569507,31.23766816143498,0.35865201793721974,16.8609865470852,21.82152466367713,0.7721174887892376,9.358744394618833,32.92017937219731,42.27892376681614,23.062780269058297,12.965022421524663,7.139910313901345,4.352466367713005
DEN,109.11141060197664,40.729559748427675,86.46810422282121,0.4720215633423181,9.921832884097036,27.581311769991014,0.3570314465408805,17.730458221024257,23.454627133872417,0.7587978436657682,11.166217430368373,33.303683737646004,44.469901168014374,25.344115004492362,14.416891284815813,7.694519317160826,4.775381850853549
DET,102.57775768535262,38.35985533453888,85.78481012658227,0.44801808318264014,9.177215189873417,26.357142857142858,0.3456907775768535,16.680831826401448,22.766726943942135,0.7354421338155516,11.44122965641953,31.853526220614828,43.294755877034355,22.112115732368895,14.180831826401446,7.268535262206148,4.340867992766727
GSW,110.6606334841629,41.25248868778281,87.04343891402715,0.4747420814479638,11.829864253393666,30.87420814479638,0.3829366515837104,16.32579185520362,20.89502262443439,0.7809837104072398,10.121266968325791,34.10135746606335,44.22262443438914,26.90135746606335,14.887782805429865,8.136651583710407,5.3583710407239815
HOU,109.45593525179856,39.09082733812949,85.89568345323741,0.4560395683453237,12.134892086330936,34.50359712230216,0.3518929856115108,19.139388489208635,25.43615107913669,0.7547652877697841,10.89568345323741,32.77248201438849,43.6681654676259,22.7455035971223,15.038669064748202,8.143884892086332,4.819244604316546
IND,105.93884892086331,39.68884892086331,85.90287769784173,0.4624487410071943,9.360611510791367,25.87589928057554,0.36009982014388486,17.200539568345324,22.16726618705036,0.7758480215827338,10.323741007194245,33.02068345323741,43.344424460431654,23.472122302158272,14.177158273381295,7.720323741007194,5.344424460431655
LAC,108.40557553956835,39.79136690647482,84.46492805755396,0.47192985611510796,10.302158273381295,27.690647482014388,0.3683687050359712,18.52068345323741,24.680755395683452,0.7536519784172662,10.107014388489208,33.259892086330936,43.36690647482014,23.574640287769785,13.902877697841726,7.7571942446043165,4.823741007194244
LAL,106.78937893789379,39.753375337533754,86.16471647164717,0.46182718271827183,9.324032403240324,26.722772277227723,0.3464491449144914,17.95859585958596,24.10801080108011,0.7446363636363637,10.510351035103511,33.891989198919894,44.402340234023406,23.421242124212423,14.613861386138614,7.3861386138613865,5.048604860486049
MEM,103.49685534591195,39.01976639712489,85.87061994609165,0.455151841868823,8.300089847259658,23.92003593890386,0.3428760107816711,17.157232704402517,22.480682839173404,0.7641374663072776,11.293800539083557,32.16262353998203,43.45642407906559,23.02785265049416,13.91644204851752,8.530098831985624,5.16711590296496
MIA,104.4492362982929,38.517520215633425,82.27133872416891,0.4695462713387242,9.900269541778975,27.31895777178796,0.3605534591194968,17.51392632524708,22.858041329739443,0.7661446540880503,9.395327942497754,32.62443845462713,42.01976639712489,22.9748427672956,14.191374663072777,7.722371967654986,4.722371967654986
MIL,107.09074573225517,39.95507637017071,86.10332434860737,0.46457861635220127,10.039532794249775,27.73674752920036,0.3594654088050314,17.141060197663972,22.561545372866128,0.7590170709793351,10.409703504043126,33.905660377358494,44.315363881401616,23.8607367475292,14.30188679245283,7.7879604672057505,5.242587601078167
MIN,107.09329710144928,39.40036231884058,86.3143115942029,0.45745471014492756,9.14945652173913,26.04981884057971,0.3474782608695652,19.143115942028984,24.70018115942029,0.7747572463768115,11.077898550724637,32.06521739130435,43.143115942028984,23.596920289855074,14.55163043478261,8.159420289855072,4.880434782608695
NJN,93.6891891891892,35.0,80.79729729729729,0.43461486486486484,6.527027027027027,19.04054054054054,0.34044594594594596,17.16216216216216,22.39189189189189,0.7714324324324324,11.432432432432432,29.18243243243243,40.61486486486486,20.5,14.506756756756756,6.425675675675675,4.351351351351352
NOH,93.10434782608695,35.64782608695652,78.7304347826087,0.4538086956521739,5.3826086956521735,15.143478260869566,0.3534782608695652,16.42608695652174,21.434782608695652,0.7694826086956521,11.02608695652174,29.934782608695652,40.96086956521739,20.782608695652176,14.28695652173913,7.095652173913043,4.8478260869565215
NOP,109.18140589569161,40.81972789115646,87.41156462585035,0.46794784580498866,9.931972789115646,27.675736961451246,0.35853514739229025,17.60997732426304,23.07482993197279,0.7633231292517006,10.569160997732427,33.90589569160998,44.4750566893424,24.75283446712018,14.125850340136054,7.785714285714286,5.068027210884353
NYK,103.93490054249548,38.46112115732369,85.64376130198914,0.4498282097649186,9.929475587703436,27.749547920433997,0.3562287522603978,17.083182640144667,22.245931283905968,0.7685596745027126,11.092224231464737,32.54611211573237,43.638336347197104,21.469258589511753,13.69620253164557,7.23508137432188,4.8019891500904155
OKC,108.63489208633094,39.93705035971223,86.45593525179856,0.4631915467625899,9.657374100719425,27.52517985611511,0.3520044964028777,19.10341726618705,24.53687050359712,0.7769055755395683,11.122302158273381,33.94874100719424,45.07104316546763,22.115107913669064,14.548561151079136,8.015287769784173,5.633992805755396
ORL,102.26864330637916,38.37017070979335,85.1967654986523,0.4511725067385445,9.485175202156334,27.31087151841869,0.34642318059299193,16.043126684636118,21.353998203054807,0.7541239892183289,10.102425876010782,33.133872416891286,43.23629829290206,22.649595687331537,14.243486073674752,7.3171608265947885,4.694519317160826
PHI,104.76100628930817,38.907457322551664,85.47259658580413,0.4560341419586703,9.523809523809524,26.74303683737646,0.35299191374663075,17.422282120395327,22.911051212938006,0.7579496855345912,10.380053908355794,33.01078167115903,43.39083557951483,23.752021563342318,14.557053009883198,8.241689128481582,5.224618149146451
PHX,107.12848158131177,40.00718778077269,86.52111410601977,0.46337017070979336,9.64690026954178,27.07906558849955,0.3530808625336927,17.46720575022462,22.48607367475292,0.7766972147349506,10.579514824797844,32.59209344115005,43.17160826594789,23.48247978436658,14.810422282120395,7.731356693620844,4.762803234501348
POR,106.48473967684022,39.179533213644525,86.51705565529623,0.45386804308797124,10.622082585278276,29.285457809694794,0.3612324955116697,17.503590664272892,22.05834829443447,0.7926023339317774,11.014362657091562,32.70556552962298,43.71992818671454,21.858168761220824,13.811490125673249,6.9640933572710955,4.78096947935368
SAC,106.73830935251799,39.848021582733814,86.46672661870504,0.46158902877697844,9.43705035971223,26.274280575539567,0.35584712230215826,17.605215827338128,23.362410071942445,0.7510530575539569,10.673561151079136,32.27068345323741,42.944244604316545,23.04406474820144,14.523381294964029,7.684352517985611,4.253597122302159
SAS,107.5013501350135,40.693069306930695,86.2916291629163,0.4729558955895589,9.409540954095409,25.48064806480648,0.3725778577857786,16.705670567056707,21.36993699369937,0.7806156615661566,9.871287128712872,33.80828082808281,43.67956795679568,25.032403240324033,13.522952295229523,7.483348334833483,5.212421242124212
TOR,106.2976618705036,39.15377697841727,85.65647482014388,0.4580152877697842,9.867805755395683,27.72931654676259,0.35188938848920864,18.12230215827338,23.152877697841728,0.7825242805755396,10.821942446043165,32.06744604316547,42.889388489208635,22.633992805755394,13.533273381294965,7.926258992805756,4.930755395683454
UTA,105.3273381294964,38.70413669064748,83.84802158273381,0.46222661870503595,10.114208633093526,28.03687050359712,0.355476618705036,17.804856115107913,23.267086330935253,0.7660206834532374,10.904676258992806,33.17625899280576,44.080935251798564,22.6681654676259,14.719424460431656,7.325539568345324,5.331834532374101
WAS,105.99190647482014,39.972122302158276,86.42805755395683,0.4632320143884892,9.02068345323741,25.37320143884892,0.35425539568345327,17.026978417266186,22.428956834532375,0.7594730215827338,10.180755395683454,32.547661870503596,42.72841726618705,24.053956834532375,14.457733812949641,7.73021582733813,4.758992805755396
