,TEAM_ID,GAME_ID,MIN,FGM,FGA,FG_PCT,FG3M,FG3A,FG3_PCT,FTM,FTA,FT_PCT,OREB,DREB,REB,AST,TOV,STL,BLK,BLKA,PF,PFD,PTS,PLUS_MINUS,GP_RANK,W_RANK,L_RANK,W_PCT_RANK,MIN_RANK,FGM_RANK,FGA_RANK,FG_PCT_RANK,FG3M_RANK,FG3A_RANK,FG3_PCT_RANK,FTM_RANK,FTA_RANK,FT_PCT_RANK,OREB_RANK,DREB_RANK,REB_RANK,AST_RANK,TOV_RANK,STL_RANK,BLK_RANK,BLKA_RANK,PF_RANK,PFD_RANK,PTS_RANK,PLUS_MINUS_RANK,AVAILABLE_FLAG
TEAM_ID,1.0,0.003273478979060668,,-0.03176905925888936,0.007744380571900037,-0.04085438962449339,-0.07499426030969382,-0.08110412825013517,-0.019577981981784863,0.009276559653168518,0.018042841292223003,-0.0223795104050383,0.03131863898391629,-0.01928570036422936,0.0023781287313531674,-0.067143462548506,-0.011990311492492505,-0.007879445697513301,0.03355884989783311,0.01417564053224016,0.02385485591527556,0.006246964253431449,-0.045428788681706085,-0.038968501250666976,,0.03752195593310494,0.03752195593310494,0.03752195593310494,0.002291277078366774,0.03342385906759094,-0.00609716862025498,0.03971955038867179,0.08752367292062756,0.10605388096672809,0.021440260068870804,-0.008972076998974536,-0.017674535218192067,0.021153154428664743,-0.03239511953672515,0.01858307880211548,-0.0022523764201286597,0.06711005143092784,-0.010163453309874547,0.006108513540826073,-0.03447586717221175,0.013430696872699086,0.02381113703135917,-0.006145905067573913,0.05154409223442637,0.03655953885744282,
GAME_ID,0.003273478979060668,1.0,,0.3070900601741032,0.32488192776894886,0.11245186164833593,0.47729413100365153,0.623806028111739,0.010390229987704974,0.028254967060169327,-0.010301648782882165,0.09395944443393865,-0.04902780794073517,0.11187607491326511,0.06503065442544502,0.26472358289683917,-0.05536286570577389,-0.035240699551935255,0.006507178721834002,0.012759766735040937,-0.06271801606193526,-0.05000509367635121,0.41223120193397833,-0.025769775679709294,,0.004958790967546869,0.004958790967546869,0.004958790967546869,-0.5885452526968934,0.004191781847433914,-0.010976056351021285,0.0005544980759165213,0.012130200398872077,0.0006752397616823556,0.0032504258241948455,-0.038646171041351526,-0.042704718399962045,-0.01592227724087389,-0.025461635599291904,-0.0067374039534403695,-0.012828586046229076,-0.0009244855592852575,-0.008081197025059548,-0.02689739057174604,-0.02512942960401466,-0.008681369123606992,-0.013973038841474567,-0.045450345442549535,-0.0017776081475675666,0.004363217093389775,
MIN,,,,,,,,,,,,,,,,,,,,,,,,,,,,,,,,,,,,,,,,,,,,,,,,,,,
FGM,-0.03176905925888936,0.3070900601741032,,1.0,0.4548360995068784,0.7846580995492491,0.37848429357926117,0.1954720266600758,0.35338471180806313,-0.1629917602348307,-0.1846483391954706,0.02940566063748307,-0.00422569479542952,0.09238613767782339,0.07524924951174872,0.627674160860002,-0.18173646980645422,0.06102929111359789,0.04897390612336812,-0.12256287377272976,0.020474547378316478,-0.16154641846278078,0.8505172216866926,0.469526642009808,,-0.3785289587612551,-0.3785289587612551,-0.3785289587612551,-0.17840473821621075,-0.9285045048404832,-0.3663193401166858,-0.7455709460797826,-0.25014467003482915,0.0017910668012605445,-0.351860267068143,0.15781969634688234,0.16609064859923733,-0.006154617768203866,-0.024995326666924726,-0.05674575165936219,-0.05678340012699984,-0.555640869275052,-0.16857120380914203,-0.08060196930830207,-0.0554892707562713,-0.13042659343860993,0.025136853728846074,0.1371913547967125,-0.7775267166036496,-0.4681731381631181,
FGA,0.007744380571900037,0.32488192776894886,,0.4548360995068784,1.0,-0.19074982101634042,0.20528456208578572,0.38607192573631016,-0.132599085339882,-0.22746865074030945,-0.24372623879998456,0.0032520348487487727,0.4642594321792325,0.11154173647482714,0.369763167503012,0.23010302586760284,-0.3514997891947051,0.09126138722188613,0.016147454757035513,0.2268443881495166,0.004182610306037282,-0.183076029393698,0.328980591885949,-0.019452991013745136,,0.05237172913314417,0.05237172913314417,0.05237172913314417,-0.22389741201976368,-0.3553934283261428,-0.9218823753256222,0.21049725689164303,-0.03622827794673598,-0.2081749952987876,0.12979220804940955,0.21855178344702353,0.21961263587298932,0.016998924446858247,-0.4934457303015546,-0.06095914044246031,-0.3393181495781321,-0.15000317821004522,-0.3349347026868553,-0.1122010214048867,-0.02502002052508257,0.21079194172871554,0.0006618755444899723,0.1584618422278378,-0.19958079580138055,0.01406803751811551,
FG_PCT,-0.04085438962449339,0.11245186164833593,,0.7846580995492491,-0.19074982101634042,1.0,0.2742751557910555,-0.050720124979881126,0.4829207802783465,-0.021568696028432317,-0.03402649265761503,0.029735691702783656,-0.32513438434233244,0.023935854463059146,-0.1730601373563455,0.5313797289625388,0.04344899628746629,0.005328501045140931,0.04296002391992997,-0.29262291932798873,0.021050168427667385,-0.050079975095406674,0.7075771790595716,0.5294331669700647,,-0.453406805877241,-0.453406805877241,-0.453406805877241,-0.04078781999781278,-0.7768066505881457,0.23445300312140938,-0.9695200076420157,-0.2507998335227346,0.14458817876940827,-0.4780833839915749,0.022020206368629874,0.030238670523614206,-0.01844290515639758,0.31483665306169195,-0.019538997494371036,0.17271831710323687,-0.5088966453661594,0.046425199690210854,-0.012410602697146871,-0.04422161603372028,-0.29025888490074003,0.02851531702472819,0.04059128048765822,-0.717778492580584,-0.525298293055965,
FG3M,-0.07499426030969382,0.47729413100365153,,0.37848429357926117,0.20528456208578572,0.2742751557910555,1.0,0.7802862107320695,0.6307152364304534,-0.08346673456351873,-0.11260525669613287,0.05804602682911348,-0.10903303904018607,0.09829237861700982,0.017940131333840016,0.44178990612529234,-0.035924785213032946,-0.03002701373655585,0.012472982605944,-0.08561929236672663,0.007905977857112268,-0.11900773777448231,0.5875550789934273,0.27532072161368654,,-0.22145415885868844,-0.22145415885868844,-0.22145415885868844,-0.3442815874998747,-0.23778051377175013,-0.050019658747595765,-0.22903260651323643,-0.841935647855706,-0.595363037371019,-0.6302635249624167,0.0679168596615014,0.07472885621122621,-0.02753386122443993,0.053708826299090844,-0.03716977350871477,0.008717647217130461,-0.3273942069999783,-0.020781621101980355,-0.006051163246693132,-0.026528344244089702,-0.1027873617507686,0.018247794200709853,0.0704614859865096,-0.41819384985715646,-0.2838407159998273,
FG3A,-0.08110412825013517,0.623806028111739,,0.1954720266600758,0.38607192573631016,-0.050720124979881126,0.7802862107320695,1.0,0.043697043750477164,-0.06930608939520547,-0.09586533774948425,0.05327109377520916,0.0030150727641201493,0.120461808690674,0.10318293422654498,0.28466742637275655,-0.06837625263515297,-0.009063527153608785,0.0026715342985451232,-0.05287929452248511,-0.007349158785449807,-0.09302151896604664,0.37654162293641247,0.026921420090207645,,-0.009572686950437148,-0.009572686950437148,-0.009572686950437148,-0.4429190297054172,-0.0011213695072979585,-0.18458388571270484,0.10473148758475292,-0.5147949301619106,-0.7473802107334685,-0.043968029858243385,0.04971021693275727,0.048339758395655144,-0.012853404484368901,-0.07112786020650526,-0.037134522530225846,-0.06345545048912482,-0.1303497259670749,-0.046880915264008775,-0.03611284845740537,-0.02312830084643405,-0.07515915540427243,0.005044149382838068,0.03378636195216279,-0.12424464271909798,-0.045306683119249194,
FG3_PCT,-0.019577981981784863,0.010390229987704974,,0.35338471180806313,-0.132599085339882,0.4829207802783465,0.6307152364304534,0.043697043750477164,1.0,-0.046857669686600566,-0.06063523470717481,0.026505139699752805,-0.17378223758483108,0.012400534372898732,-0.09283033574287287,0.35142926362033106,0.025435719493216286,-0.03308579840497269,0.015659827533934436,-0.07320476774376074,0.025097937269973395,-0.07512662971826949,0.4650949306653845,0.391726700823289,,-0.33288858676002925,-0.33288858676002925,-0.33288858676002925,-0.01814710793840454,-0.3646828887877847,0.1391581137824248,-0.4761719651288591,-0.7236166819127542,-0.052778360567983205,-0.9747573122541915,0.04529145957139,0.05748592216017364,-0.026616151795116443,0.16801915868565576,-0.014195443010554018,0.08832111364347092,-0.356890020787129,0.024095838564000657,0.030668392200536226,-0.01331428008824843,-0.07348820911078302,0.027221010345619478,0.06980681204323737,-0.5018354158363117,-0.3875811565963606,
FTM,0.009276559653168518,0.028254967060169327,,-0.1629917602348307,-0.22746865074030945,-0.021568696028432317,-0.08346673456351873,-0.06930608939520547,-0.046857669686600566,1.0,0.9213084152232466,0.3330056333438549,0.03900448359467988,0.029860237747259686,0.04831088705652998,-0.1373009557078331,-0.0014687639883225819,0.02829746041899855,0.004878991707354421,-0.00042194457865451357,0.16964726448536502,0.6886905896292035,0.28934385855481204,0.09675147582471597,,-0.13210197529181572,-0.13210197529181572,-0.13210197529181572,0.039877327335446085,0.17739834648272917,0.24861122495916707,0.02509897880038008,0.10455764390819677,0.11041182806120114,0.04562871927842743,-0.9734533992217685,-0.9001052032493698,-0.32288214661333686,-0.03859570192466165,-0.02585344781175786,-0.044922042163818676,0.14383061194447191,-0.003158470912760881,-0.030301885417433755,-0.009956959602192037,0.0021155430958609694,0.16142664206528218,-0.677565674874448,-0.2928522476791333,-0.1043093707196607,
FTA,0.018042841292223003,-0.010301648782882165,,-0.1846483391954706,-0.24372623879998456,-0.03402649265761503,-0.11260525669613287,-0.09586533774948425,-0.06063523470717481,0.9213084152232466,1.0,-0.03935071863828279,0.07246855980633611,0.02814395585670781,0.06675188261813537,-0.15526651835227556,0.006086431457218854,0.03795019315774096,0.0036379330071786876,0.008140012228952878,0.1822341324558972,0.7575896909597402,0.227453425566428,0.05200110462314752,,-0.0964411871811785,-0.0964411871811785,-0.0964411871811785,0.06669720617895217,0.18851218336618158,0.25375699180945127,0.03393080603003763,0.11534102747054281,0.1129078674331897,0.05915204582752015,-0.897806477330886,-0.9721631953044041,0.046069100566526494,-0.06750704506166301,-0.028058036570949754,-0.06342116167102903,0.15156246629370584,0.0016610957973721494,-0.03558146953477898,-0.009146358064823768,0.011993329777172206,0.1709982771609668,-0.7395615779090405,-0.2422710779837525,-0.05904762777966116,
FT_PCT,-0.0223795104050383,0.09395944443393865,,0.02940566063748307,0.0032520348487487727,0.029735691702783656,0.05804602682911348,0.05327109377520916,0.026505139699752805,0.3330056333438549,-0.03935071863828279,1.0,-0.07405585248582369,0.0142470690262591,-0.03201508923698117,0.02293766951891974,-0.015905910378419236,-0.014148878813025501,0.011235177632786877,-0.021428028489682848,-0.003980516181911026,-0.05011757174555987,0.19103247197446668,0.1254376969396363,,-0.10836523418639593,-0.10836523418639593,-0.10836523418639593,-0.06074730343746223,-0.0020826825905220048,0.02675063038510789,-0.020941811954072614,-0.011214797686512637,0.00872004030690434,-0.02556051159670171,-0.3312338965009709,0.028929484289371907,-0.9731391102241256,0.06307998413806852,-0.0038525840911301365,0.03329989435251026,0.0022691364567371617,-0.009343322814967218,0.004707020104471233,-0.01111657956685671,-0.02361406885542124,0.002258653558176224,0.03681647091438708,-0.1654728997242585,-0.12704732712203184,
OREB,0.03131863898391629,-0.04902780794073517,,-0.00422569479542952,0.4642594321792325,-0.32513438434233244,-0.10903303904018607,0.0030150727641201493,-0.17378223758483108,0.03900448359467988,0.07246855980633611,-0.07405585248582369,1.0,-0.061535738690144406,0.5424424243593753,-0.10287573502136682,0.020226489606305183,0.025750264019808334,-0.0018524945448307748,0.18829675850296654,0.01873170159760902,0.06024280589744124,-0.021004549201957077,-0.011529332964050787,,0.030925055948765944,0.030925055948765944,0.030925055948765944,0.06466641091303989,-0.006709610894849623,-0.5085850056019484,0.31774043220472514,0.09046428539606165,-0.05161394811663891,0.17349754441418455,-0.03563424818194786,-0.06496802560700726,0.07223826521597494,-0.9663691553815031,0.0441701176721015,-0.539019018808098,0.0974796646720424,0.018851729129852897,-0.019247336543746437,0.0064642279600036455,0.1892502380091836,0.017799825537097223,-0.05378740799389139,0.003103308302973488,0.01899809254733415,
DREB,-0.01928570036422936,0.11187607491326511,,0.09238613767782339,0.11154173647482714,0.023935854463059146,0.09829237861700982,0.120461808690674,0.012400534372898732,0.029860237747259686,0.02814395585670781,0.0142470690262591,-0.061535738690144406,1.0,0.805121309013087,0.09584833435454082,0.11857058453128391,-0.15691411710425762,0.17035690398909506,-0.021486119788683172,-0.04285664687591921,-0.03374473542717861,0.11900171128119555,0.41952958688643033,,-0.3635174700170209,-0.3635174700170209,-0.3635174700170209,-0.12402860874657284,-0.05612849432751282,-0.06293449920114383,-0.025013795236297633,-0.031267888829024454,-0.03713199311080015,-0.016102180636045012,-0.037027864086324865,-0.03820705379089772,-0.009739863047735945,0.03132895786424741,-0.9658508786228895,-0.7802415124341151,-0.07475653900875183,0.11547621036899908,0.14330817975199925,-0.17644943776833955,-0.030243749344288733,-0.05305782898677728,0.030475614149263284,-0.07329891278738203,-0.42074524115410133,
REB,0.0023781287313531674,0.06503065442544502,,0.07524924951174872,0.369763167503012,-0.1730601373563455,0.017940131333840016,0.10318293422654498,-0.09283033574287287,0.04831088705652998,0.06675188261813537,-0.03201508923698117,0.5424424243593753,0.805121309013087,1.0,0.019541902105271472,0.11181876243751933,-0.11677099977379793,0.14228655589691921,0.09380816232573479,-0.02494087136214284,0.007395921836679351,0.08768065582563275,0.34626190409396634,,-0.2875915298954317,-0.2875915298954317,-0.2875915298954317,-0.06596627138212138,-0.05122977912762192,-0.3551909010117741,0.16775909253238735,0.027439354920502732,-0.061924438688398496,0.0895455291839638,-0.052341076412066145,-0.07076478234124167,0.03472867440908509,-0.5478824423016377,-0.7866976833707126,-0.9770246598615098,-0.004995730374091716,0.1083973319805955,0.10918332019282054,-0.1446741094530238,0.08700356207426475,-0.034080839350142104,-0.006311470340565884,-0.05985072266148191,-0.34284689757501335,
AST,-0.067143462548506,0.26472358289683917,,0.627674160860002,0.23010302586760284,0.5313797289625388,0.44178990612529234,0.28466742637275655,0.35142926362033106,-0.1373009557078331,-0.15526651835227556,0.02293766951891974,-0.10287573502136682,0.09584833435454082,0.019541902105271472,1.0,-0.051928902821400336,0.05242330329079574,0.06396774235694584,-0.10257377914386283,-0.023200838290136697,-0.13271096044393813,0.5838528662947917,0.356258231997407,,-0.29613058437382905,-0.29613058437382905,-0.29613058437382905,-0.16293513982354574,-0.5620181504887237,-0.1515391324253783,-0.4962393887752598,-0.35121398081850114,-0.15847844894345947,-0.34606772076604414,0.13127224911829724,0.13744560045174067,-0.0017690397000564846,0.08397801849671675,-0.07497315008113546,-0.007419892345740406,-0.939060088431785,-0.04115222871154158,-0.06812424571316265,-0.06312589708219313,-0.1130753942087645,-0.01189774161738059,0.10664519487094246,-0.515357485759053,-0.35736451138888337,
TOV,-0.011990311492492505,-0.05536286570577389,,-0.18173646980645422,-0.3514997891947051,0.04344899628746629,-0.035924785213032946,-0.06837625263515297,0.025435719493216286,-0.0014687639883225819,0.006086431457218854,-0.015905910378419236,0.020226489606305183,0.11857058453128391,0.11181876243751933,-0.051928902821400336,1.0,0.08311135697659101,0.0363088628566881,0.0033832313705805654,0.14011438059369147,0.07135551229712725,-0.15790062911116912,-0.12353306734556449,,0.10253989977023238,0.10253989977023238,0.10253989977023238,0.054203990415546875,0.1721272246423262,0.3499190984122259,-0.04524853983208666,0.007347204305393841,0.04201122839105598,-0.02491467714673645,0.0018116824344977516,-0.0016887278610706986,0.009515841431303629,-0.016745530718832894,-0.12610687990471756,-0.11478655942399257,0.040321306104497245,0.9728224853986741,-0.07840551992911016,-0.03517236157525815,0.004352018835500947,0.12988389558377536,-0.05982658691312578,0.14870643194862068,0.12115046286397313,
STL,-0.007879445697513301,-0.035240699551935255,,0.06102929111359789,0.09126138722188613,0.005328501045140931,-0.03002701373655585,-0.009063527153608785,-0.03308579840497269,0.02829746041899855,0.03795019315774096,-0.014148878813025501,0.025750264019808334,-0.15691411710425762,-0.11677099977379793,0.05242330329079574,0.08311135697659101,1.0,0.002860150474630229,0.020214497313042753,0.014541038135363936,0.021768365789215816,0.05192003361441661,0.15359197569396607,,-0.13112277233627706,-0.13112277233627706,-0.13112277233627706,0.007676764088097692,-0.07454256672964843,-0.10302071171463448,-0.012614174162531787,0.012678217944196725,-0.015753519569887155,0.03251569241811291,-0.029370698057475633,-0.037171590449620484,0.011679899190737069,-0.020272113367359613,0.1554847574631204,0.11491707229456634,-0.06312525251868804,0.07695213823503291,-0.980412573986748,-0.0009739674500844922,0.017881582565986837,0.014491897833027772,-0.01766218536663929,-0.0738908003931562,-0.15355941377000834,
BLK,0.03355884989783311,0.006507178721834002,,0.04897390612336812,0.016147454757035513,0.04296002391992997,0.012472982605944,0.0026715342985451232,0.015659827533934436,0.004878991707354421,0.0036379330071786876,0.011235177632786877,-0.0018524945448307748,0.17035690398909506,0.14228655589691921,0.06396774235694584,0.0363088628566881,0.002860150474630229,1.0,0.020421872383371318,-0.0019553117175484885,-0.005232863240744732,0.045451388475263796,0.16736749716533378,,-0.15624939331354243,-0.15624939331354243,-0.15624939331354243,-0.02022368438270162,-0.04689483286544927,-0.011615810136122433,-0.042563329135862235,-0.007123766280192895,0.005100850657979117,-0.014846540298547786,-0.006699894500719891,-0.005858986689451076,-0.009556265437703979,0.000585966014161012,-0.1705793508176098,-0.14019565980815155,-0.05915047205819778,0.03446339402096979,-0.003576797062482087,-0.9736012246986713,0.014510097477948168,-0.00030512660389685783,0.0027777560510194354,-0.0466154446931976,-0.17082272204802865,
BLKA,0.01417564053224016,0.012759766735040937,,-0.12256287377272976,0.2268443881495166,-0.29262291932798873,-0.08561929236672663,-0.05287929452248511,-0.07320476774376074,-0.00042194457865451357,0.008140012228952878,-0.021428028489682848,0.18829675850296654,-0.021486119788683172,0.09380816232573479,-0.10257377914386283,0.0033832313705805654,0.020214497313042753,0.020421872383371318,1.0,-0.0028141263958834603,0.0035044888826977713,-0.12596659236768407,-0.17268369299184852,,0.16205946823647638,0.16205946823647638,0.16205946823647638,-0.027510545683544448,0.13545865974326302,-0.23264266754199167,0.29085609421512804,0.10857530564612292,0.08126117567740375,0.07520367233467014,-0.0011800304695525382,-0.009051637076985522,0.022121618391789267,-0.19011561768104268,0.021854890357901564,-0.09169677446073417,0.11028960751406494,0.0032561824546928444,-0.021000288161327017,-0.015856646118588766,0.9810520023050366,-0.0009392495794569264,-0.007030309776998028,0.14551788224345408,0.1741511924802943,
PF,0.02385485591527556,-0.06271801606193526,,0.020474547378316478,0.004182610306037282,0.021050168427667385,0.007905977857112268,-0.007349158785449807,0.025097937269973395,0.16964726448536502,0.1822341324558972,-0.003980516181911026,0.01873170159760902,-0.04285664687591921,-0.02494087136214284,-0.023200838290136697,0.14011438059369147,0.014541038135363936,-0.0019553117175484885,-0.0028141263958834603,1.0,0.24366928734853976,0.09476097776552776,-0.028181107804727785,,0.09225143623866909,0.09225143623866909,0.09225143623866909,0.07146691099683057,-0.03643978705406447,-0.012462996930101443,-0.030922379335975275,-0.04024837973098944,-0.028464171641746597,-0.029882213053379875,-0.1609233719344985,-0.17023552662887478,-0.00169322026600936,-0.015093883756384166,0.04528647428183579,0.03090541003102821,0.005219521968615481,0.12932599741788758,-0.011278732250725091,-0.0009183577926214762,0.0006540054177329118,0.9657666903621708,-0.2200347725841356,-0.11807203545566058,0.03761348410954289,
PFD,0.006246964253431449,-0.05000509367635121,,-0.16154641846278078,-0.183076029393698,-0.050079975095406674,-0.11900773777448231,-0.09302151896604664,-0.07512662971826949,0.6886905896292035,0.7575896909597402,-0.05011757174555987,0.06024280589744124,-0.03374473542717861,0.007395921836679351,-0.13271096044393813,0.07135551229712725,0.021768365789215816,-0.005232863240744732,0.0035044888826977713,0.24366928734853976,1.0,0.13997288856866796,0.03473392968629449,,-0.0861616778588348,-0.0861616778588348,-0.0861616778588348,0.06329193989415689,0.1537075155599087,0.18626378506331334,0.040116298948807146,0.10835274234822502,0.09033575857082278,0.06847890156567757,-0.6754877701312799,-0.7391064980701008,0.049716002778154175,-0.05846836118294088,0.03725983899373226,-0.002339918290034624,0.11652311104633233,0.06040516762690795,-0.0178494022405111,-0.0010789007401236941,0.007242978648484574,0.22066216599711155,-0.9698784878906666,-0.1632718789104022,-0.04340400119693125,
PTS,-0.045428788681706085,0.41223120193397833,,0.8505172216866926,0.328980591885949,0.7075771790595716,0.5875550789934273,0.37654162293641247,0.4650949306653845,0.28934385855481204,0.227453425566428,0.19103247197446668,-0.021004549201957077,0.11900171128119555,0.08768065582563275,0.5838528662947917,-0.15790062911116912,0.05192003361441661,0.045451388475263796,-0.12596659236768407,0.09476097776552776,0.13997288856866796,1.0,0.5081441874108996,,-0.4336739202564131,-0.4336739202564131,-0.4336739202564131,-0.23586721317057846,-0.7415368051395678,-0.1986641148002187,-0.660121742353096,-0.42443607487479457,-0.14059050303174736,-0.4642767464027969,-0.28662622841804114,-0.24503088463652872,-0.1580613290423253,-0.020021588729145674,-0.06899240375248587,-0.06279398547825005,-0.4864170471755823,-0.14323377548130783,-0.0801033538436934,-0.05746148181803635,-0.13665524669635568,0.09814950178903659,-0.17013100723562002,-0.888615053214187,-0.5131747888534447,
PLUS_MINUS,-0.038968501250666976,-0.025769775679709294,,0.469526642009808,-0.019452991013745136,0.5294331669700647,0.27532072161368654,0.026921420090207645,0.391726700823289,0.09675147582471597,0.05200110462314752,0.1254376969396363,-0.011529332964050787,0.41952958688643033,0.34626190409396634,0.356258231997407,-0.12353306734556449,0.15359197569396607,0.16736749716533378,-0.17268369299184852,-0.028181107804727785,0.03473392968629449,0.5081441874108996,1.0,,-0.8264882918805402,-0.8264882918805402,-0.8264882918805402,0.01597234565876518,-0.4947009782487317,0.011392388837209404,-0.5296522366767537,-0.32058201881554665,-0.055666988123042306,-0.3909706428835967,-0.0960878180145399,-0.049867892393261275,-0.124239247640602,0.01091204203502486,-0.42480316956293745,-0.3453385684328292,-0.3682361104532112,-0.12381505603300247,-0.15094823799091606,-0.16287438742979637,-0.17202951907440142,-0.026665580603010865,-0.030793757931175263,-0.5653982204722896,-0.9768322044753118,
GP_RANK,,,,,,,,,,,,,,,,,,,,,,,,,,,,,,,,,,,,,,,,,,,,,,,,,,,
W_RANK,0.03752195593310494,0.004958790967546869,,-0.3785289587612551,0.05237172913314417,-0.453406805877241,-0.22145415885868844,-0.009572686950437148,-0.33288858676002925,-0.13210197529181572,-0.0964411871811785,-0.10836523418639593,0.030925055948765944,-0.3635174700170209,-0.2875915298954317,-0.29613058437382905,0.10253989977023238,-0.13112277233627706,-0.15624939331354243,0.16205946823647638,0.09225143623866909,-0.0861616778588348,-0.4336739202564131,-0.8264882918805402,,1.0,1.0,1.0,0.005866860677140495,0.40379962088885407,-0.052347857259518946,0.46359435121937304,0.2503876003085002,0.013086560475258453,0.3366047189316636,0.13452294825806788,0.09795698817504077,0.11027850584068305,-0.02316589427367007,0.3693312907801773,0.2896854474069184,0.3101074724817818,0.10640405012352107,0.13440293298805212,0.15698380671044018,0.16615292381881888,0.09466724522088549,0.08615336959716473,0.4870107601392124,0.8730439593689927,
L_RANK,0.03752195593310494,0.004958790967546869,,-0.3785289587612551,0.05237172913314417,-0.453406805877241,-0.22145415885868844,-0.009572686950437148,-0.33288858676002925,-0.13210197529181572,-0.0964411871811785,-0.10836523418639593,0.030925055948765944,-0.3635174700170209,-0.2875915298954317,-0.29613058437382905,0.10253989977023238,-0.13112277233627706,-0.15624939331354243,0.16205946823647638,0.09225143623866909,-0.0861616778588348,-0.4336739202564131,-0.8264882918805402,,1.0,1.0,1.0,0.005866860677140495,0.40379962088885407,-0.052347857259518946,0.46359435121937304,0.2503876003085002,0.013086560475258453,0.3366047189316636,0.13452294825806788,0.09795698817504077,0.11027850584068305,-0.02316589427367007,0.3693312907801773,0.2896854474069184,0.3101074724817818,0.10640405012352107,0.13440293298805212,0.15698380671044018,0.16615292381881888,0.09466724522088549,0.08615336959716473,0.4870107601392124,0.8730439593689927,
W_PCT_RANK,0.03752195593310494,0.004958790967546869,,-0.3785289587612551,0.05237172913314417,-0.453406805877241,-0.22145415885868844,-0.009572686950437148,-0.33288858676002925,-0.13210197529181572,-0.0964411871811785,-0.10836523418639593,0.030925055948765944,-0.3635174700170209,-0.2875915298954317,-0.29613058437382905,0.10253989977023238,-0.13112277233627706,-0.15624939331354243,0.16205946823647638,0.09225143623866909,-0.0861616778588348,-0.4336739202564131,-0.8264882918805402,,1.0,1.0,1.0,0.005866860677140495,0.40379962088885407,-0.052347857259518946,0.46359435121937304,0.2503876003085002,0.013086560475258453,0.3366047189316636,0.13452294825806788,0.09795698817504077,0.11027850584068305,-0.02316589427367007,0.3693312907801773,0.2896854474069184,0.3101074724817818,0.10640405012352107,0.13440293298805212,0.15698380671044018,0.16615292381881888,0.09466724522088549,0.08615336959716473,0.4870107601392124,0.8730439593689927,
MIN_RANK,0.002291277078366774,-0.5885452526968934,,-0.17840473821621075,-0.22389741201976368,-0.04078781999781278,-0.3442815874998747,-0.4429190297054172,-0.01814710793840454,0.039877327335446085,0.06669720617895217,-0.06074730343746223,0.06466641091303989,-0.12402860874657284,-0.06596627138212138,-0.16293513982354574,0.054203990415546875,0.007676764088097692,-0.02022368438270162,-0.027510545683544448,0.07146691099683057,0.06329193989415689,-0.23586721317057846,0.01597234565876518,,0.005866860677140495,0.005866860677140495,0.005866860677140495,1.0,0.011263997681034695,0.024687010488392634,0.01020067621794762,0.010826241513274248,0.02175770843338073,0.012525942159389939,0.04394204537193527,0.047019072063209225,0.024345415816835803,0.030635072119013135,0.02243665771335328,0.025897629804700926,0.012883354535604767,0.019614768983884312,0.027644044639972835,0.027347829680362656,0.014217672244176681,0.014818736326933537,0.04990644277236969,0.02125999758306149,0.011692224798800105,
FGM_RANK,0.03342385906759094,0.004191781847433914,,-0.9285045048404832,-0.3553934283261428,-0.7768066505881457,-0.23778051377175013,-0.0011213695072979585,-0.3646828887877847,0.17739834648272917,0.18851218336618158,-0.0020826825905220048,-0.006709610894849623,-0.05612849432751282,-0.05122977912762192,-0.5620181504887237,0.1721272246423262,-0.07454256672964843,-0.04689483286544927,0.13545865974326302,-0.03643978705406447,0.1537075155599087,-0.7415368051395678,-0.4947009782487317,,0.40379962088885407,0.40379962088885407,0.40379962088885407,0.011263997681034695,1.0,0.3770445873190018,0.794602534005569,0.26844522046760233,0.0024697267282679574,0.3724151302195536,-0.16961505020048,-0.18028922892899724,0.007916838074012104,0.016766051072569628,0.05917407194547227,0.05468182476674059,0.5874426420140063,0.17761014053142601,0.07796493313421958,0.05268262037616631,0.13965579192300176,-0.02671882820589409,-0.15107757272277747,0.8271999844469149,0.49516642308775816,
FGA_RANK,-0.00609716862025498,-0.010976056351021285,,-0.3663193401166858,-0.9218823753256222,0.23445300312140938,-0.050019658747595765,-0.18458388571270484,0.1391581137824248,0.24861122495916707,0.25375699180945127,0.02675063038510789,-0.5085850056019484,-0.06293449920114383,-0.3551909010117741,-0.1515391324253783,0.3499190984122259,-0.10302071171463448,-0.011615810136122433,-0.23264266754199167,-0.012462996930101443,0.18626378506331334,-0.1986641148002187,0.011392388837209404,,-0.052347857259518946,-0.052347857259518946,-0.052347857259518946,0.024687010488392634,0.3770445873190018,1.0,-0.2196132780283557,0.04499079266198282,0.22018705005854158,-0.13237106477635,-0.24052127807112345,-0.2431177991809362,-0.021586235954474647,0.5156772705346994,0.06350537803213598,0.35544258906852877,0.15851880495494278,0.35147818252890267,0.10718083054051009,0.01709893966221992,-0.22372401184828938,-0.0021863171743103467,-0.1795933802032416,0.21089116072019404,-0.011673539530475067,
FG_PCT_RANK,0.03971955038867179,0.0005544980759165213,,-0.7455709460797826,0.21049725689164303,-0.9695200076420157,-0.22903260651323643,0.10473148758475292,-0.4761719651288591,0.02509897880038008,0.03393080603003763,-0.020941811954072614,0.31774043220472514,-0.025013795236297633,0.16775909253238735,-0.4962393887752598,-0.04524853983208666,-0.012614174162531787,-0.042563329135862235,0.29085609421512804,-0.030922379335975275,0.040116298948807146,-0.660121742353096,-0.5296522366767537,,0.46359435121937304,0.46359435121937304,0.46359435121937304,0.01020067621794762,0.794602534005569,-0.2196132780283557,1.0,0.2576440848048795,-0.13446130911005338,0.4846020382295662,-0.018191503248448388,-0.027592452654569506,0.02644929866550814,-0.3046392823724637,0.02698590294411901,-0.162302043536302,0.5169922761435635,-0.036114969396079735,0.01757751874440287,0.04904426455742409,0.2940522854012718,-0.023246790342205545,-0.03782304900639699,0.7326930078444409,0.5343139334753626,
FG3M_RANK,0.08752367292062756,0.012130200398872077,,-0.25014467003482915,-0.03622827794673598,-0.2507998335227346,-0.841935647855706,-0.5147949301619106,-0.7236166819127542,0.10455764390819677,0.11534102747054281,-0.011214797686512637,0.09046428539606165,-0.031267888829024454,0.027439354920502732,-0.35121398081850114,0.007347204305393841,0.012678217944196725,-0.007123766280192895,0.10857530564612292,-0.04024837973098944,0.10835274234822502,-0.42443607487479457,-0.32058201881554665,,0.2503876003085002,0.2503876003085002,0.2503876003085002,0.010826241513274248,0.26844522046760233,0.04499079266198282,0.2576440848048795,1.0,0.6854411106803674,0.735579819554752,-0.09703446733856051,-0.10678091806482923,0.01844457995733072,-0.07949185747967673,0.0338140852581534,-0.02236160032861745,0.3691836831696534,0.01366222562251287,-0.007628033492962857,0.009873837304562611,0.1140428277394341,-0.034107543677597676,-0.10279342213695897,0.4709933870918426,0.3185252764848134,
FG3A_RANK,0.10605388096672809,0.0006752397616823556,,0.0017910668012605445,-0.2081749952987876,0.14458817876940827,-0.595363037371019,-0.7473802107334685,-0.052778360567983205,0.11041182806120114,0.1129078674331897,0.00872004030690434,-0.05161394811663891,-0.03713199311080015,-0.061924438688398496,-0.15847844894345947,0.04201122839105598,-0.015753519569887155,0.005100850657979117,0.08126117567740375,-0.028464171641746597,0.09033575857082278,-0.14059050303174736,-0.055666988123042306,,0.013086560475258453,0.013086560475258453,0.013086560475258453,0.02175770843338073,0.0024697267282679574,0.22018705005854158,-0.13446130911005338,0.6854411106803674,1.0,0.05772817876377399,-0.10079299268579066,-0.10200115568204186,-0.002570387260647445,0.06291215824032015,0.03772248790231654,0.06521385295460454,0.167157337025931,0.04751362686614759,0.020967071116184573,0.00013274323697403713,0.08889749598435603,-0.022699659727208853,-0.08313166283281505,0.15532618170214593,0.05671296371704769,
FG3_PCT_RANK,0.021440260068870804,0.0032504258241948455,,-0.351860267068143,0.12979220804940955,-0.4780833839915749,-0.6302635249624167,-0.043968029858243385,-0.9747573122541915,0.04562871927842743,0.05915204582752015,-0.02556051159670171,0.17349754441418455,-0.016102180636045012,0.0895455291839638,-0.34606772076604414,-0.02491467714673645,0.03251569241811291,-0.014846540298547786,0.07520367233467014,-0.029882213053379875,0.06847890156567757,-0.4642767464027969,-0.3909706428835967,,0.3366047189316636,0.3366047189316636,0.3366047189316636,0.012525942159389939,0.3724151302195536,-0.13237106477635,0.4846020382295662,0.735579819554752,0.05772817876377399,1.0,-0.04028650451263877,-0.052794793540655825,0.0323857949670965,-0.1618128469055675,0.017281010018507813,-0.08413933371203684,0.3629806225052081,-0.017298600715973698,-0.026518518323697747,0.017647669182837302,0.07989848058670711,-0.022662438636142358,-0.06378083552599562,0.5118328456272762,0.3923094760667914,
FTM_RANK,-0.008972076998974536,-0.038646171041351526,,0.15781969634688234,0.21855178344702353,0.022020206368629874,0.0679168596615014,0.04971021693275727,0.04529145957139,-0.9734533992217685,-0.897806477330886,-0.3312338965009709,-0.03563424818194786,-0.037027864086324865,-0.052341076412066145,0.13127224911829724,0.0018116824344977516,-0.029370698057475633,-0.006699894500719891,-0.0011800304695525382,-0.1609233719344985,-0.6754877701312799,-0.28662622841804114,-0.0960878180145399,,0.13452294825806788,0.13452294825806788,0.13452294825806788,0.04394204537193527,-0.16961505020048,-0.24052127807112345,-0.018191503248448388,-0.09703446733856051,-0.10079299268579066,-0.04028650451263877,1.0,0.9202685844768284,0.3267945504402823,0.046359909057199236,0.03325299345311846,0.05310622839781337,-0.1365431451731234,0.008256760280243351,0.03602247212020396,0.01463444267891652,0.004779449772902446,-0.1538570501253426,0.6867321278930547,0.2944096785789893,0.11056202559230074,
FTA_RANK,-0.017674535218192067,-0.042704718399962045,,0.16609064859923733,0.21961263587298932,0.030238670523614206,0.07472885621122621,0.048339758395655144,0.05748592216017364,-0.9001052032493698,-0.9721631953044041,0.028929484289371907,-0.06496802560700726,-0.03820705379089772,-0.07076478234124167,0.13744560045174067,-0.0016887278610706986,-0.037171590449620484,-0.005858986689451076,-0.009051637076985522,-0.17023552662887478,-0.7391064980701008,-0.24503088463652872,-0.049867892393261275,,0.09795698817504077,0.09795698817504077,0.09795698817504077,0.047019072063209225,-0.18028922892899724,-0.2431177991809362,-0.027592452654569506,-0.10678091806482923,-0.10200115568204186,-0.052794793540655825,0.9202685844768284,1.0,-0.033654825978687075,0.0752120336348474,0.034184954193329314,0.07029829971234183,-0.14322051715275888,0.005576016036005687,0.04285859170061867,0.015253072965359635,-0.003312766184786917,-0.16251271558605673,0.7524166950579834,0.24639315010015428,0.06485751149527594,
FT_PCT_RANK,0.021153154428664743,-0.01592227724087389,,-0.006154617768203866,0.016998924446858247,-0.01844290515639758,-0.02753386122443993,-0.012853404484368901,-0.026616151795116443,-0.32288214661333686,0.046069100566526494,-0.9731391102241256,0.07223826521597494,-0.009739863047735945,0.03472867440908509,-0.0017690397000564846,0.009515841431303629,0.011679899190737069,-0.009556265437703979,0.022121618391789267,-0.00169322026600936,0.049716002778154175,-0.1580613290423253,-0.124239247640602,,0.11027850584068305,0.11027850584068305,0.11027850584068305,0.024345415816835803,0.007916838074012104,-0.021586235954474647,0.02644929866550814,0.01844457995733072,-0.002570387260647445,0.0323857949670965,0.3267945504402823,-0.033654825978687075,1.0,-0.05977539618965492,0.007554989992976978,-0.030000562260724666,0.002121822095773169,0.013353221295780808,-0.0018290569173391434,0.013239147397920332,0.028442267209027046,0.004261933915103812,-0.041212966726131436,0.1679795428470681,0.1305377119763825,
OREB_RANK,-0.03239511953672515,-0.025461635599291904,,-0.024995326666924726,-0.4934457303015546,0.31483665306169195,0.053708826299090844,-0.07112786020650526,0.16801915868565576,-0.03859570192466165,-0.06750704506166301,0.06307998413806852,-0.9663691553815031,0.03132895786424741,-0.5478824423016377,0.08397801849671675,-0.016745530718832894,-0.020272113367359613,0.000585966014161012,-0.19011561768104268,-0.015093883756384166,-0.05846836118294088,-0.020021588729145674,0.01091204203502486,,-0.02316589427367007,-0.02316589427367007,-0.02316589427367007,0.030635072119013135,0.016766051072569628,0.5156772705346994,-0.3046392823724637,-0.07949185747967673,0.06291215824032015,-0.1618128469055675,0.046359909057199236,0.0752120336348474,-0.05977539618965492,1.0,-0.031820999426689325,0.5456265049535373,-0.08590835913191602,-0.00943879621205766,0.02574991529351061,0.006100722402781301,-0.1819072997494233,-0.00587128729287991,0.06505967258864986,0.008379931707514582,-0.007669541035384214,
DREB_RANK,0.01858307880211548,-0.0067374039534403695,,-0.05674575165936219,-0.06095914044246031,-0.019538997494371036,-0.03716977350871477,-0.037134522530225846,-0.014195443010554018,-0.02585344781175786,-0.028058036570949754,-0.0038525840911301365,0.0441701176721015,-0.9658508786228895,-0.7866976833707126,-0.07497315008113546,-0.12610687990471756,0.1554847574631204,-0.1705793508176098,0.021854890357901564,0.04528647428183579,0.03725983899373226,-0.06899240375248587,-0.42480316956293745,,0.3693312907801773,0.3693312907801773,0.3693312907801773,0.02243665771335328,0.05917407194547227,0.06350537803213598,0.02698590294411901,0.0338140852581534,0.03772248790231654,0.017281010018507813,0.03325299345311846,0.034184954193329314,0.007554989992976978,-0.031820999426689325,1.0,0.7964884926132406,0.07841802949169846,-0.11677916787174727,-0.1458570224117073,0.1742488614115,0.02948441441830914,0.05107881839873347,-0.03332648158921249,0.07544036067296818,0.42702528783750915,
REB_RANK,-0.0022523764201286597,-0.012828586046229076,,-0.05678340012699984,-0.3393181495781321,0.17271831710323687,0.008717647217130461,-0.06345545048912482,0.08832111364347092,-0.044922042163818676,-0.06342116167102903,0.03329989435251026,-0.539019018808098,-0.7802415124341151,-0.9770246598615098,-0.007419892345740406,-0.11478655942399257,0.11491707229456634,-0.14019565980815155,-0.09169677446073417,0.03090541003102821,-0.002339918290034624,-0.06279398547825005,-0.3453385684328292,,0.2896854474069184,0.2896854474069184,0.2896854474069184,0.025897629804700926,0.05468182476674059,0.35544258906852877,-0.162302043536302,-0.02236160032861745,0.06521385295460454,-0.08413933371203684,0.05310622839781337,0.07029829971234183,-0.030000562260724666,0.5456265049535373,0.7964884926132406,1.0,0.008682602708824776,-0.10535524577167824,-0.10623282880027529,0.14444972771610412,-0.0831657656297258,0.03836925813155356,0.0073195883284237215,0.06330682026355682,0.3460041246065712,
AST_RANK,0.06711005143092784,-0.0009244855592852575,,-0.555640869275052,-0.15000317821004522,-0.5088966453661594,-0.3273942069999783,-0.1303497259670749,-0.356890020787129,0.14383061194447191,0.15156246629370584,0.0022691364567371617,0.0974796646720424,-0.07475653900875183,-0.004995730374091716,-0.939060088431785,0.040321306104497245,-0.06312525251868804,-0.05915047205819778,0.11028960751406494,0.005219521968615481,0.11652311104633233,-0.4864170471755823,-0.3682361104532112,,0.3101074724817818,0.3101074724817818,0.3101074724817818,0.012883354535604767,0.5874426420140063,0.15851880495494278,0.5169922761435635,0.3691836831696534,0.167157337025931,0.3629806225052081,-0.1365431451731234,-0.14322051715275888,0.002121822095773169,-0.08590835913191602,0.07841802949169846,0.008682602708824776,1.0,0.04892834080387282,0.06760439412116037,0.06346919203837882,0.11732460472380377,0.014430799015561253,-0.11273286337870796,0.5364308458636958,0.37157363764033013,
TOV_RANK,-0.010163453309874547,-0.008081197025059548,,-0.16857120380914203,-0.3349347026868553,0.046425199690210854,-0.020781621101980355,-0.046880915264008775,0.024095838564000657,-0.003158470912760881,0.0016610957973721494,-0.009343322814967218,0.018851729129852897,0.11547621036899908,0.1083973319805955,-0.04115222871154158,0.9728224853986741,0.07695213823503291,0.03446339402096979,0.0032561824546928444,0.12932599741788758,0.06040516762690795,-0.14323377548130783,-0.12381505603300247,,0.10640405012352107,0.10640405012352107,0.10640405012352107,0.019614768983884312,0.17761014053142601,0.35147818252890267,-0.036114969396079735,0.01366222562251287,0.04751362686614759,-0.017298600715973698,0.008256760280243351,0.005576016036005687,0.013353221295780808,-0.00943879621205766,-0.11677916787174727,-0.10535524577167824,0.04892834080387282,1.0,-0.06904843936281707,-0.027227146241956147,0.009443740985652756,0.13363964351048574,-0.052146035455644585,0.15492057197605658,0.1275925126496721,
STL_RANK,0.006108513540826073,-0.02689739057174604,,-0.08060196930830207,-0.1122010214048867,-0.012410602697146871,-0.006051163246693132,-0.03611284845740537,0.030668392200536226,-0.030301885417433755,-0.03558146953477898,0.004707020104471233,-0.019247336543746437,0.14330817975199925,0.10918332019282054,-0.06812424571316265,-0.07840551992911016,-0.980412573986748,-0.003576797062482087,-0.021000288161327017,-0.011278732250725091,-0.0178494022405111,-0.0801033538436934,-0.15094823799091606,,0.13440293298805212,0.13440293298805212,0.13440293298805212,0.027644044639972835,0.07796493313421958,0.10718083054051009,0.01757751874440287,-0.007628033492962857,0.020967071116184573,-0.026518518323697747,0.03602247212020396,0.04285859170061867,-0.0018290569173391434,0.02574991529351061,-0.1458570224117073,-0.10623282880027529,0.06760439412116037,-0.06904843936281707,1.0,0.008971996323314349,-0.01256086806234745,-0.006887558970751348,0.02324781786687577,0.07780063768428233,0.158505938487677,
BLK_RANK,-0.03447586717221175,-0.02512942960401466,,-0.0554892707562713,-0.02502002052508257,-0.04422161603372028,-0.026528344244089702,-0.02312830084643405,-0.01331428008824843,-0.009956959602192037,-0.009146358064823768,-0.01111657956685671,0.0064642279600036455,-0.17644943776833955,-0.1446741094530238,-0.06312589708219313,-0.03517236157525815,-0.0009739674500844922,-0.9736012246986713,-0.015856646118588766,-0.0009183577926214762,-0.0010789007401236941,-0.05746148181803635,-0.16287438742979637,,0.15698380671044018,0.15698380671044018,0.15698380671044018,0.027347829680362656,0.05268262037616631,0.01709893966221992,0.04904426455742409,0.009873837304562611,0.00013274323697403713,0.017647669182837302,0.01463444267891652,0.015253072965359635,0.013239147397920332,0.006100722402781301,0.1742488614115,0.14444972771610412,0.06346919203837882,-0.027227146241956147,0.008971996323314349,1.0,-0.007549906457559173,0.0061663625379159695,0.0061622754267133826,0.05308460324392862,0.17256187371167392,
BLKA_RANK,0.013430696872699086,-0.008681369123606992,,-0.13042659343860993,0.21079194172871554,-0.29025888490074003,-0.1027873617507686,-0.07515915540427243,-0.07348820911078302,0.0021155430958609694,0.011993329777172206,-0.02361406885542124,0.1892502380091836,-0.030243749344288733,0.08700356207426475,-0.1130753942087645,0.004352018835500947,0.017881582565986837,0.014510097477948168,0.9810520023050366,0.0006540054177329118,0.007242978648484574,-0.13665524669635568,-0.17202951907440142,,0.16615292381881888,0.16615292381881888,0.16615292381881888,0.014217672244176681,0.13965579192300176,-0.22372401184828938,0.2940522854012718,0.1140428277394341,0.08889749598435603,0.07989848058670711,0.004779449772902446,-0.003312766184786917,0.028442267209027046,-0.1819072997494233,0.02948441441830914,-0.0831657656297258,0.11732460472380377,0.009443740985652756,-0.01256086806234745,-0.007549906457559173,1.0,0.006240464776419238,-0.0021470093548392848,0.15032475700095063,0.180371627412131,
PF_RANK,0.02381113703135917,-0.013973038841474567,,0.025136853728846074,0.0006618755444899723,0.02851531702472819,0.018247794200709853,0.005044149382838068,0.027221010345619478,0.16142664206528218,0.1709982771609668,0.002258653558176224,0.017799825537097223,-0.05305782898677728,-0.034080839350142104,-0.01189774161738059,0.12988389558377536,0.014491897833027772,-0.00030512660389685783,-0.0009392495794569264,0.9657666903621708,0.22066216599711155,0.09814950178903659,-0.026665580603010865,,0.09466724522088549,0.09466724522088549,0.09466724522088549,0.014818736326933537,-0.02671882820589409,-0.0021863171743103467,-0.023246790342205545,-0.034107543677597676,-0.022699659727208853,-0.022662438636142358,-0.1538570501253426,-0.16251271558605673,0.004261933915103812,-0.00587128729287991,0.05107881839873347,0.03836925813155356,0.014430799015561253,0.13363964351048574,-0.006887558970751348,0.0061663625379159695,0.006240464776419238,1.0,-0.2124615023198626,-0.10809676584520062,0.0423517986994258,
PFD_RANK,-0.006145905067573913,-0.045450345442549535,,0.1371913547967125,0.1584618422278378,0.04059128048765822,0.0704614859865096,0.03378636195216279,0.06980681204323737,-0.677565674874448,-0.7395615779090405,0.03681647091438708,-0.05378740799389139,0.030475614149263284,-0.006311470340565884,0.10664519487094246,-0.05982658691312578,-0.01766218536663929,0.0027777560510194354,-0.007030309776998028,-0.2200347725841356,-0.9698784878906666,-0.17013100723562002,-0.030793757931175263,,0.08615336959716473,0.08615336959716473,0.08615336959716473,0.04990644277236969,-0.15107757272277747,-0.1795933802032416,-0.03782304900639699,-0.10279342213695897,-0.08313166283281505,-0.06378083552599562,0.6867321278930547,0.7524166950579834,-0.041212966726131436,0.06505967258864986,-0.03332648158921249,0.0073195883284237215,-0.11273286337870796,-0.052146035455644585,0.02324781786687577,0.0061622754267133826,-0.0021470093548392848,-0.2124615023198626,1.0,0.16543821122836783,0.04591300639511227,
PTS_RANK,0.05154409223442637,-0.0017776081475675666,,-0.7775267166036496,-0.19958079580138055,-0.717778492580584,-0.41819384985715646,-0.12424464271909798,-0.5018354158363117,-0.2928522476791333,-0.2422710779837525,-0.1654728997242585,0.003103308302973488,-0.07329891278738203,-0.05985072266148191,-0.515357485759053,0.14870643194862068,-0.0738908003931562,-0.0466154446931976,0.14551788224345408,-0.11807203545566058,-0.1632718789104022,-0.888615053214187,-0.5653982204722896,,0.4870107601392124,0.4870107601392124,0.4870107601392124,0.02125999758306149,0.8271999844469149,0.21089116072019404,0.7326930078444409,0.4709933870918426,0.15532618170214593,0.5118328456272762,0.2944096785789893,0.24639315010015428,0.1679795428470681,0.008379931707514582,0.07544036067296818,0.06330682026355682,0.5364308458636958,0.15492057197605658,0.07780063768428233,0.05308460324392862,0.15032475700095063,-0.10809676584520062,0.16543821122836783,1.0,0.5697950259325988,
PLUS_MINUS_RANK,0.03655953885744282,0.004363217093389775,,-0.4681731381631181,0.01406803751811551,-0.525298293055965,-0.2838407159998273,-0.045306683119249194,-0.3875811565963606,-0.1043093707196607,-0.05904762777966116,-0.12704732712203184,0.01899809254733415,-0.42074524115410133,-0.34284689757501335,-0.35736451138888337,0.12115046286397313,-0.15355941377000834,-0.17082272204802865,0.1741511924802943,0.03761348410954289,-0.04340400119693125,-0.5131747888534447,-0.9768322044753118,,0.8730439593689927,0.8730439593689927,0.8730439593689927,0.011692224798800105,0.49516642308775816,-0.011673539530475067,0.5343139334753626,0.3185252764848134,0.05671296371704769,0.3923094760667914,0.11056202559230074,0.06485751149527594,0.1305377119763825,-0.007669541035384214,0.42702528783750915,0.3460041246065712,0.37157363764033013,0.1275925126496721,0.158505938487677,0.17256187371167392,0.180371627412131,0.0423517986994258,0.04591300639511227,0.5697950259325988,1.0,
AVAILABLE_FLAG,,,,,,,,,,,,,,,,,,,,,,,,,,,,,,,,,,,,,,,,,,,,,,,,,,,
